-- Sample schema and data for tutorials.
-- Designed for filters, sorting, and unique lookups.

CREATE DATABASE IF NOT EXISTS tidb_graphql_tutorial;
USE tidb_graphql_tutorial;

-- Reset teardown: temporarily disable FK checks so base sample data can be
-- recreated even when optional add-on tables exist.
SET @OLD_FOREIGN_KEY_CHECKS = @@FOREIGN_KEY_CHECKS;
SET FOREIGN_KEY_CHECKS = 0;

-- Optional add-on tables (loaded by other sample scripts).
DROP TABLE IF EXISTS product_reviews;

DROP TABLE IF EXISTS order_items;
DROP TABLE IF EXISTS product_categories;
DROP TABLE IF EXISTS orders;
DROP TABLE IF EXISTS products;
DROP TABLE IF EXISTS categories;
DROP TABLE IF EXISTS users;

SET FOREIGN_KEY_CHECKS = @OLD_FOREIGN_KEY_CHECKS;

CREATE TABLE users (
  id BIGINT PRIMARY KEY AUTO_RANDOM COMMENT 'Primary key for users.',
  email VARCHAR(255) NOT NULL COMMENT 'User email address.',
  email_domain VARCHAR(255) AS (SUBSTRING_INDEX(email, '@', -1)) VIRTUAL COMMENT 'Derived email domain.',
  full_name VARCHAR(255) NOT NULL COMMENT 'Full name for display.',
  status ENUM('active','inactive','pending') NOT NULL COMMENT 'Account status.',
  email_verified_at TIMESTAMP NULL COMMENT 'When email was verified (UTC).',
  is_email_verified BOOLEAN AS (email_verified_at IS NOT NULL) VIRTUAL COMMENT 'Whether the user has a verified email.',
  created_at TIMESTAMP NOT NULL DEFAULT CURRENT_TIMESTAMP COMMENT 'Row creation time (UTC).',
  last_updated TIMESTAMP NOT NULL DEFAULT CURRENT_TIMESTAMP ON UPDATE CURRENT_TIMESTAMP COMMENT 'Row update time (UTC).',
  UNIQUE KEY uq_users_email (email),
  KEY idx_users_status (status),
  KEY idx_users_created_at (created_at)
) COMMENT='Registered users of the store.';

CREATE TABLE categories (
  id BIGINT PRIMARY KEY AUTO_RANDOM COMMENT 'Primary key for categories.',
  name VARCHAR(64) NOT NULL COMMENT 'Category name.',
  description VARCHAR(255) NOT NULL COMMENT 'Short category description.',
  created_at TIMESTAMP NOT NULL DEFAULT CURRENT_TIMESTAMP COMMENT 'Row creation time (UTC).',
  last_updated TIMESTAMP NOT NULL DEFAULT CURRENT_TIMESTAMP ON UPDATE CURRENT_TIMESTAMP COMMENT 'Row update time (UTC).',
  UNIQUE KEY uq_categories_name (name),
  KEY idx_categories_created_at (created_at)
) COMMENT='Product categories available in the store.';

CREATE TABLE products (
  id BIGINT PRIMARY KEY AUTO_RANDOM COMMENT 'Primary key for products.',
  sku VARCHAR(64) NOT NULL COMMENT 'Stock keeping unit.',
  name VARCHAR(255) NOT NULL COMMENT 'Product name.',
  price DECIMAL(10,2) NOT NULL COMMENT 'Price in dollars (two decimal places).',
  tags SET('featured','new','clearance','seasonal','limited') NOT NULL DEFAULT '' COMMENT 'Optional merchandising tags for storefront merchandising and campaigns.',
  created_at TIMESTAMP NOT NULL DEFAULT CURRENT_TIMESTAMP COMMENT 'Row creation time (UTC).',
  last_updated TIMESTAMP NOT NULL DEFAULT CURRENT_TIMESTAMP ON UPDATE CURRENT_TIMESTAMP COMMENT 'Row update time (UTC).',
  UNIQUE KEY uq_products_sku (sku),
  KEY idx_products_price (price),
  KEY idx_products_tags (tags)
) COMMENT='Products available for purchase.';

CREATE TABLE product_categories (
  product_id BIGINT NOT NULL COMMENT 'Product identifier.',
  category_id BIGINT NOT NULL COMMENT 'Category identifier.',
  PRIMARY KEY (product_id, category_id),
  CONSTRAINT fk_product_categories_product
    FOREIGN KEY (product_id) REFERENCES products(id),
  CONSTRAINT fk_product_categories_category
    FOREIGN KEY (category_id) REFERENCES categories(id),
  KEY idx_product_categories_category (category_id)
) COMMENT='Many-to-many relationship between products and categories.';

CREATE TABLE orders (
  id BIGINT PRIMARY KEY AUTO_RANDOM COMMENT 'Primary key for orders.',
  user_id BIGINT NOT NULL COMMENT 'Owning user identifier.',
  status ENUM('paid','shipped','processing','canceled') NOT NULL COMMENT 'Order lifecycle status.',
  total DECIMAL(12,2) NOT NULL COMMENT 'Order total in dollars (two decimal places).',
  created_at TIMESTAMP NOT NULL DEFAULT CURRENT_TIMESTAMP COMMENT 'Row creation time (UTC).',
  last_updated TIMESTAMP NOT NULL DEFAULT CURRENT_TIMESTAMP ON UPDATE CURRENT_TIMESTAMP COMMENT 'Row update time (UTC).',
  CONSTRAINT fk_orders_user
    FOREIGN KEY (user_id) REFERENCES users(id),
  KEY idx_orders_user_id (user_id),
  KEY idx_orders_status (status),
  KEY idx_orders_created_at (created_at)
) COMMENT='Customer orders placed in the store.';

CREATE TABLE order_items (
  order_id BIGINT NOT NULL COMMENT 'Order identifier.',
  product_id BIGINT NOT NULL COMMENT 'Product identifier.',
  quantity INT NOT NULL COMMENT 'Quantity of the product.',
  unit_price DECIMAL(10,2) NOT NULL COMMENT 'Unit price in dollars (two decimal places) at purchase time.',
  PRIMARY KEY (order_id, product_id),
  CONSTRAINT fk_order_items_order
    FOREIGN KEY (order_id) REFERENCES orders(id),
  CONSTRAINT fk_order_items_product
    FOREIGN KEY (product_id) REFERENCES products(id),
  KEY idx_items_product_id (product_id)
) COMMENT='Line items belonging to orders.';

INSERT INTO users (email, full_name, status) VALUES
  ('ava.smith@example.com', 'Ava Smith', 'active'),
  ('ava.johnson@example.com', 'Ava Johnson', 'inactive'),
  ('ava.williams@example.com', 'Ava Williams', 'pending'),
  ('ava.brown@example.com', 'Ava Brown', 'active'),
  ('ava.jones@example.com', 'Ava Jones', 'inactive'),
  ('ava.garcia@example.com', 'Ava Garcia', 'pending'),
  ('ava.miller@example.com', 'Ava Miller', 'active'),
  ('ava.davis@example.com', 'Ava Davis', 'inactive'),
  ('ava.rodriguez@example.com', 'Ava Rodriguez', 'pending'),
  ('ava.martinez@example.com', 'Ava Martinez', 'active'),
  ('ava.hernandez@example.com', 'Ava Hernandez', 'inactive'),
  ('ava.lopez@example.com', 'Ava Lopez', 'pending'),
  ('ava.gonzalez@example.com', 'Ava Gonzalez', 'active'),
  ('ava.wilson@example.com', 'Ava Wilson', 'inactive'),
  ('ava.anderson@example.com', 'Ava Anderson', 'pending'),
  ('ava.thomas@example.com', 'Ava Thomas', 'active'),
  ('ava.taylor@example.com', 'Ava Taylor', 'inactive'),
  ('ava.moore@example.com', 'Ava Moore', 'pending'),
  ('ava.jackson@example.com', 'Ava Jackson', 'active'),
  ('ava.martin@example.com', 'Ava Martin', 'inactive'),
  ('ben.smith@example.com', 'Ben Smith', 'pending'),
  ('ben.johnson@example.com', 'Ben Johnson', 'active'),
  ('ben.williams@example.com', 'Ben Williams', 'inactive'),
  ('ben.brown@example.com', 'Ben Brown', 'pending'),
  ('ben.jones@example.com', 'Ben Jones', 'active'),
  ('ben.garcia@example.com', 'Ben Garcia', 'inactive'),
  ('ben.miller@example.com', 'Ben Miller', 'pending'),
  ('ben.davis@example.com', 'Ben Davis', 'active'),
  ('ben.rodriguez@example.com', 'Ben Rodriguez', 'inactive'),
  ('ben.martinez@example.com', 'Ben Martinez', 'pending'),
  ('ben.hernandez@example.com', 'Ben Hernandez', 'active'),
  ('ben.lopez@example.com', 'Ben Lopez', 'inactive'),
  ('ben.gonzalez@example.com', 'Ben Gonzalez', 'pending'),
  ('ben.wilson@example.com', 'Ben Wilson', 'active'),
  ('ben.anderson@example.com', 'Ben Anderson', 'inactive'),
  ('ben.thomas@example.com', 'Ben Thomas', 'pending'),
  ('ben.taylor@example.com', 'Ben Taylor', 'active'),
  ('ben.moore@example.com', 'Ben Moore', 'inactive'),
  ('ben.jackson@example.com', 'Ben Jackson', 'pending'),
  ('ben.martin@example.com', 'Ben Martin', 'active'),
  ('chloe.smith@example.com', 'Chloe Smith', 'inactive'),
  ('chloe.johnson@example.com', 'Chloe Johnson', 'pending'),
  ('chloe.williams@example.com', 'Chloe Williams', 'active'),
  ('chloe.brown@example.com', 'Chloe Brown', 'inactive'),
  ('chloe.jones@example.com', 'Chloe Jones', 'pending'),
  ('chloe.garcia@example.com', 'Chloe Garcia', 'active'),
  ('chloe.miller@example.com', 'Chloe Miller', 'inactive'),
  ('chloe.davis@example.com', 'Chloe Davis', 'pending'),
  ('chloe.rodriguez@example.com', 'Chloe Rodriguez', 'active'),
  ('chloe.martinez@example.com', 'Chloe Martinez', 'inactive'),
  ('chloe.hernandez@example.com', 'Chloe Hernandez', 'pending'),
  ('chloe.lopez@example.com', 'Chloe Lopez', 'active'),
  ('chloe.gonzalez@example.com', 'Chloe Gonzalez', 'inactive'),
  ('chloe.wilson@example.com', 'Chloe Wilson', 'pending'),
  ('chloe.anderson@example.com', 'Chloe Anderson', 'active'),
  ('chloe.thomas@example.com', 'Chloe Thomas', 'inactive'),
  ('chloe.taylor@example.com', 'Chloe Taylor', 'pending'),
  ('chloe.moore@example.com', 'Chloe Moore', 'active'),
  ('chloe.jackson@example.com', 'Chloe Jackson', 'inactive'),
  ('chloe.martin@example.com', 'Chloe Martin', 'pending'),
  ('drew.smith@example.com', 'Drew Smith', 'active'),
  ('drew.johnson@example.com', 'Drew Johnson', 'inactive'),
  ('drew.williams@example.com', 'Drew Williams', 'pending'),
  ('drew.brown@example.com', 'Drew Brown', 'active'),
  ('drew.jones@example.com', 'Drew Jones', 'inactive'),
  ('drew.garcia@example.com', 'Drew Garcia', 'pending'),
  ('drew.miller@example.com', 'Drew Miller', 'active'),
  ('drew.davis@example.com', 'Drew Davis', 'inactive'),
  ('drew.rodriguez@example.com', 'Drew Rodriguez', 'pending'),
  ('drew.martinez@example.com', 'Drew Martinez', 'active'),
  ('drew.hernandez@example.com', 'Drew Hernandez', 'inactive'),
  ('drew.lopez@example.com', 'Drew Lopez', 'pending'),
  ('drew.gonzalez@example.com', 'Drew Gonzalez', 'active'),
  ('drew.wilson@example.com', 'Drew Wilson', 'inactive'),
  ('drew.anderson@example.com', 'Drew Anderson', 'pending'),
  ('drew.thomas@example.com', 'Drew Thomas', 'active'),
  ('drew.taylor@example.com', 'Drew Taylor', 'inactive'),
  ('drew.moore@example.com', 'Drew Moore', 'pending'),
  ('drew.jackson@example.com', 'Drew Jackson', 'active'),
  ('drew.martin@example.com', 'Drew Martin', 'inactive'),
  ('eli.smith@example.com', 'Eli Smith', 'pending'),
  ('eli.johnson@example.com', 'Eli Johnson', 'active'),
  ('eli.williams@example.com', 'Eli Williams', 'inactive'),
  ('eli.brown@example.com', 'Eli Brown', 'pending'),
  ('eli.jones@example.com', 'Eli Jones', 'active'),
  ('eli.garcia@example.com', 'Eli Garcia', 'inactive'),
  ('eli.miller@example.com', 'Eli Miller', 'pending'),
  ('eli.davis@example.com', 'Eli Davis', 'active'),
  ('eli.rodriguez@example.com', 'Eli Rodriguez', 'inactive'),
  ('eli.martinez@example.com', 'Eli Martinez', 'pending'),
  ('eli.hernandez@example.com', 'Eli Hernandez', 'active'),
  ('eli.lopez@example.com', 'Eli Lopez', 'inactive'),
  ('eli.gonzalez@example.com', 'Eli Gonzalez', 'pending'),
  ('eli.wilson@example.com', 'Eli Wilson', 'active'),
  ('eli.anderson@example.com', 'Eli Anderson', 'inactive'),
  ('eli.thomas@example.com', 'Eli Thomas', 'pending'),
  ('eli.taylor@example.com', 'Eli Taylor', 'active'),
  ('eli.moore@example.com', 'Eli Moore', 'inactive'),
  ('eli.jackson@example.com', 'Eli Jackson', 'pending'),
  ('eli.martin@example.com', 'Eli Martin', 'active');

-- Mark most users as verified, then leave a small subset unverified (~90/10 split).
UPDATE users
SET email_verified_at = created_at + INTERVAL 1 DAY;

UPDATE users
SET email_verified_at = NULL
WHERE email IN (
  'ava.williams@example.com',
  'ava.lopez@example.com',
  'ben.brown@example.com',
  'ben.moore@example.com',
  'chloe.johnson@example.com',
  'chloe.martin@example.com',
  'drew.garcia@example.com',
  'drew.taylor@example.com',
  'eli.smith@example.com',
  'eli.hernandez@example.com'
);

INSERT INTO categories (name, description) VALUES
  ('stationery', 'Paper goods, notebooks, and desk accessories'),
  ('kitchen', 'Drinkware and kitchen essentials'),
  ('office', 'Workspace gear and desk setup'),
  ('electronics', 'Devices, peripherals, and power'),
  ('outdoor', 'Travel and outdoor-ready items'),
  ('wellness', 'Comfort and wellbeing gear');

INSERT INTO products (sku, name, price) VALUES
  ('SKU-1001', 'Graphite Notebook', 12.00),
  ('SKU-1002', 'Ceramic Mug', 18.00),
  ('SKU-1003', 'Desk Lamp', 49.00),
  ('SKU-1004', 'Wireless Mouse', 35.00),
  ('SKU-1005', 'Insulated Bottle', 26.00),
  ('SKU-1006', 'Mechanical Keyboard', 89.00),
  ('SKU-1007', 'Noise-canceling Headphones', 159.00),
  ('SKU-1008', 'Standing Desk Mat', 42.00),
  ('SKU-1009', 'Gel Pen Set', 9.00),
  ('SKU-1010', 'Smart Thermos', 52.00),
  ('SKU-1011', 'Portable Charger', 34.00),
  ('SKU-1012', 'Canvas Tote', 15.00),
  ('SKU-1013', 'LED Monitor', 199.00),
  ('SKU-1014', 'Stainless Cutlery Set', 24.00),
  ('SKU-1015', 'Yoga Mat', 32.00),
  ('SKU-1016', 'Travel Organizer', 28.00),
  ('SKU-1017', 'Minimalist Backpack', 72.00),
  ('SKU-1018', 'Bluetooth Speaker', 68.00),
  ('SKU-1019', 'Whiteboard', 27.00),
  ('SKU-1020', 'Water-resistant Notebook', 16.00);

-- Most rows keep the empty set (default). Assign a handful with single and multi-value combinations.
UPDATE products SET tags = 'new' WHERE sku IN ('SKU-1001', 'SKU-1010');
UPDATE products SET tags = 'featured' WHERE sku = 'SKU-1007';
UPDATE products SET tags = 'clearance' WHERE sku = 'SKU-1019';
UPDATE products SET tags = 'seasonal' WHERE sku = 'SKU-1015';
UPDATE products SET tags = 'limited' WHERE sku = 'SKU-1013';
UPDATE products SET tags = 'featured,new' WHERE sku = 'SKU-1003';
UPDATE products SET tags = 'seasonal,featured' WHERE sku = 'SKU-1018';
UPDATE products SET tags = 'clearance,limited' WHERE sku = 'SKU-1012';
UPDATE products SET tags = 'new,seasonal,featured' WHERE sku = 'SKU-1005';

CREATE TEMPORARY TABLE product_category_seeds (
  sku VARCHAR(64) NOT NULL,
  category_name VARCHAR(64) NOT NULL
);

INSERT INTO product_category_seeds (sku, category_name) VALUES
  ('SKU-1001', 'stationery'),
  ('SKU-1001', 'office'),
  ('SKU-1002', 'kitchen'),
  ('SKU-1002', 'office'),
  ('SKU-1003', 'office'),
  ('SKU-1003', 'electronics'),
  ('SKU-1004', 'office'),
  ('SKU-1004', 'electronics'),
  ('SKU-1005', 'kitchen'),
  ('SKU-1005', 'outdoor'),
  ('SKU-1005', 'wellness'),
  ('SKU-1006', 'office'),
  ('SKU-1006', 'electronics'),
  ('SKU-1007', 'office'),
  ('SKU-1007', 'electronics'),
  ('SKU-1008', 'office'),
  ('SKU-1008', 'wellness'),
  ('SKU-1009', 'stationery'),
  ('SKU-1009', 'office'),
  ('SKU-1010', 'kitchen'),
  ('SKU-1010', 'electronics'),
  ('SKU-1010', 'outdoor'),
  ('SKU-1011', 'electronics'),
  ('SKU-1011', 'outdoor'),
  ('SKU-1012', 'office'),
  ('SKU-1012', 'outdoor'),
  ('SKU-1013', 'office'),
  ('SKU-1013', 'electronics'),
  ('SKU-1014', 'kitchen'),
  ('SKU-1015', 'outdoor'),
  ('SKU-1015', 'wellness'),
  ('SKU-1016', 'office'),
  ('SKU-1016', 'outdoor'),
  ('SKU-1017', 'office'),
  ('SKU-1017', 'outdoor'),
  ('SKU-1018', 'electronics'),
  ('SKU-1018', 'outdoor'),
  ('SKU-1019', 'stationery'),
  ('SKU-1019', 'office'),
  ('SKU-1020', 'stationery'),
  ('SKU-1020', 'outdoor');

INSERT INTO product_categories (product_id, category_id)
SELECT p.id, c.id
FROM product_category_seeds s
JOIN products p ON p.sku = s.sku
JOIN categories c ON c.name = s.category_name;

DROP TEMPORARY TABLE product_category_seeds;

CREATE TEMPORARY TABLE order_seeds (
  order_ref VARCHAR(16) PRIMARY KEY,
  user_email VARCHAR(255) NOT NULL,
  status VARCHAR(16) NOT NULL,
  total DECIMAL(12,2) NOT NULL,
  created_at TIMESTAMP NOT NULL,
  last_updated TIMESTAMP NOT NULL
);

INSERT INTO order_seeds (order_ref, user_email, status, total, created_at, last_updated) VALUES
  ('ORD-0001', 'ava.smith@example.com', 'paid', 183.00, '2024-01-01 08:01:00', '2024-01-01 08:01:00'),
  ('ORD-0002', 'ava.johnson@example.com', 'shipped', 234.00, '2024-01-01 08:02:00', '2024-01-01 08:02:00'),
  ('ORD-0003', 'ava.williams@example.com', 'processing', 35.00, '2024-01-01 08:03:00', '2024-01-01 08:03:00'),
  ('ORD-0004', 'ava.brown@example.com', 'canceled', 319.00, '2024-01-01 08:04:00', '2024-01-01 08:04:00'),
  ('ORD-0005', 'ava.jones@example.com', 'paid', 510.00, '2024-01-01 08:05:00', '2024-01-01 08:05:00'),
  ('ORD-0006', 'ava.garcia@example.com', 'shipped', 159.00, '2024-01-01 08:06:00', '2024-01-01 08:06:00'),
  ('ORD-0007', 'ava.miller@example.com', 'processing', 111.00, '2024-01-01 08:07:00', '2024-01-01 08:07:00'),
  ('ORD-0008', 'ava.davis@example.com', 'canceled', 147.00, '2024-01-01 08:08:00', '2024-01-01 08:08:00'),
  ('ORD-0009', 'ava.rodriguez@example.com', 'paid', 52.00, '2024-01-01 08:09:00', '2024-01-01 08:09:00'),
  ('ORD-0010', 'ava.martinez@example.com', 'shipped', 113.00, '2024-01-01 08:10:00', '2024-01-01 08:10:00'),
  ('ORD-0011', 'ava.hernandez@example.com', 'processing', 292.00, '2024-01-01 08:11:00', '2024-01-01 08:11:00'),
  ('ORD-0012', 'ava.lopez@example.com', 'canceled', 199.00, '2024-01-01 08:12:00', '2024-01-01 08:12:00'),
  ('ORD-0013', 'ava.gonzalez@example.com', 'paid', 144.00, '2024-01-01 08:13:00', '2024-01-01 08:13:00'),
  ('ORD-0014', 'ava.wilson@example.com', 'shipped', 268.00, '2024-01-01 08:14:00', '2024-01-01 08:14:00'),
  ('ORD-0015', 'ava.anderson@example.com', 'processing', 28.00, '2024-01-01 08:15:00', '2024-01-01 08:15:00'),
  ('ORD-0016', 'ava.thomas@example.com', 'canceled', 348.00, '2024-01-01 08:16:00', '2024-01-01 08:16:00'),
  ('ORD-0017', 'ava.taylor@example.com', 'paid', 263.00, '2024-01-01 08:17:00', '2024-01-01 08:17:00'),
  ('ORD-0018', 'ava.moore@example.com', 'shipped', 27.00, '2024-01-01 08:18:00', '2024-01-01 08:18:00'),
  ('ORD-0019', 'ava.jackson@example.com', 'processing', 68.00, '2024-01-01 08:19:00', '2024-01-01 08:19:00'),
  ('ORD-0020', 'ava.martin@example.com', 'canceled', 152.00, '2024-01-01 08:20:00', '2024-01-01 08:20:00'),
  ('ORD-0021', 'ben.smith@example.com', 'paid', 18.00, '2024-01-01 08:21:00', '2024-01-01 08:21:00'),
  ('ORD-0022', 'ben.johnson@example.com', 'shipped', 203.00, '2024-01-01 08:22:00', '2024-01-01 08:22:00'),
  ('ORD-0023', 'ben.williams@example.com', 'processing', 309.00, '2024-01-01 08:23:00', '2024-01-01 08:23:00'),
  ('ORD-0024', 'ben.brown@example.com', 'canceled', 26.00, '2024-01-01 08:24:00', '2024-01-01 08:24:00'),
  ('ORD-0025', 'ben.jones@example.com', 'paid', 655.00, '2024-01-01 08:25:00', '2024-01-01 08:25:00'),
  ('ORD-0026', 'ben.garcia@example.com', 'shipped', 537.00, '2024-01-01 08:26:00', '2024-01-01 08:26:00'),
  ('ORD-0027', 'ben.miller@example.com', 'processing', 42.00, '2024-01-01 08:27:00', '2024-01-01 08:27:00'),
  ('ORD-0028', 'ben.davis@example.com', 'canceled', 174.00, '2024-01-01 08:28:00', '2024-01-01 08:28:00'),
  ('ORD-0029', 'ben.rodriguez@example.com', 'paid', 220.00, '2024-01-01 08:29:00', '2024-01-01 08:29:00'),
  ('ORD-0030', 'ben.martinez@example.com', 'shipped', 34.00, '2024-01-01 08:30:00', '2024-01-01 08:30:00'),
  ('ORD-0031', 'ben.hernandez@example.com', 'processing', 627.00, '2024-01-01 08:31:00', '2024-01-01 08:31:00'),
  ('ORD-0032', 'ben.lopez@example.com', 'canceled', 685.00, '2024-01-01 08:32:00', '2024-01-01 08:32:00'),
  ('ORD-0033', 'ben.gonzalez@example.com', 'paid', 24.00, '2024-01-01 08:33:00', '2024-01-01 08:33:00'),
  ('ORD-0034', 'ben.wilson@example.com', 'shipped', 148.00, '2024-01-01 08:34:00', '2024-01-01 08:34:00'),
  ('ORD-0035', 'ben.anderson@example.com', 'processing', 292.00, '2024-01-01 08:35:00', '2024-01-01 08:35:00'),
  ('ORD-0036', 'ben.thomas@example.com', 'canceled', 72.00, '2024-01-01 08:36:00', '2024-01-01 08:36:00'),
  ('ORD-0037', 'ben.taylor@example.com', 'paid', 217.00, '2024-01-01 08:37:00', '2024-01-01 08:37:00'),
  ('ORD-0038', 'ben.moore@example.com', 'shipped', 121.00, '2024-01-01 08:38:00', '2024-01-01 08:38:00'),
  ('ORD-0039', 'ben.jackson@example.com', 'processing', 16.00, '2024-01-01 08:39:00', '2024-01-01 08:39:00'),
  ('ORD-0040', 'ben.martin@example.com', 'canceled', 78.00, '2024-01-01 08:40:00', '2024-01-01 08:40:00'),
  ('ORD-0041', 'chloe.smith@example.com', 'paid', 173.00, '2024-01-01 08:41:00', '2024-01-01 08:41:00'),
  ('ORD-0042', 'chloe.johnson@example.com', 'shipped', 49.00, '2024-01-01 08:42:00', '2024-01-01 08:42:00'),
  ('ORD-0043', 'chloe.williams@example.com', 'processing', 148.00, '2024-01-01 08:43:00', '2024-01-01 08:43:00'),
  ('ORD-0044', 'chloe.brown@example.com', 'canceled', 485.00, '2024-01-01 08:44:00', '2024-01-01 08:44:00'),
  ('ORD-0045', 'chloe.jones@example.com', 'paid', 89.00, '2024-01-01 08:45:00', '2024-01-01 08:45:00'),
  ('ORD-0046', 'chloe.garcia@example.com', 'shipped', 444.00, '2024-01-01 08:46:00', '2024-01-01 08:46:00'),
  ('ORD-0047', 'chloe.miller@example.com', 'processing', 239.00, '2024-01-01 08:47:00', '2024-01-01 08:47:00'),
  ('ORD-0048', 'chloe.davis@example.com', 'canceled', 9.00, '2024-01-01 08:48:00', '2024-01-01 08:48:00'),
  ('ORD-0049', 'chloe.rodriguez@example.com', 'paid', 206.00, '2024-01-01 08:49:00', '2024-01-01 08:49:00'),
  ('ORD-0050', 'chloe.martinez@example.com', 'shipped', 515.00, '2024-01-01 08:50:00', '2024-01-01 08:50:00'),
  ('ORD-0051', 'ava.smith@example.com', 'processing', 15.00, '2024-01-01 08:51:00', '2024-01-01 08:51:00'),
  ('ORD-0052', 'ava.johnson@example.com', 'canceled', 470.00, '2024-01-01 08:52:00', '2024-01-01 08:52:00'),
  ('ORD-0053', 'ava.williams@example.com', 'paid', 160.00, '2024-01-01 08:53:00', '2024-01-01 08:53:00'),
  ('ORD-0054', 'ava.brown@example.com', 'shipped', 32.00, '2024-01-01 08:54:00', '2024-01-01 08:54:00'),
  ('ORD-0055', 'ava.jones@example.com', 'processing', 272.00, '2024-01-01 08:55:00', '2024-01-01 08:55:00'),
  ('ORD-0056', 'ava.garcia@example.com', 'canceled', 338.00, '2024-01-01 08:56:00', '2024-01-01 08:56:00'),
  ('ORD-0057', 'ava.miller@example.com', 'paid', 68.00, '2024-01-01 08:57:00', '2024-01-01 08:57:00'),
  ('ORD-0058', 'ava.davis@example.com', 'shipped', 102.00, '2024-01-01 08:58:00', '2024-01-01 08:58:00'),
  ('ORD-0059', 'ava.rodriguez@example.com', 'processing', 96.00, '2024-01-01 08:59:00', '2024-01-01 08:59:00'),
  ('ORD-0060', 'ava.martinez@example.com', 'canceled', 12.00, '2024-01-01 09:00:00', '2024-01-01 09:00:00'),
  ('ORD-0061', 'ava.hernandez@example.com', 'paid', 183.00, '2024-01-01 09:01:00', '2024-01-01 09:01:00'),
  ('ORD-0062', 'ava.lopez@example.com', 'shipped', 234.00, '2024-01-01 09:02:00', '2024-01-01 09:02:00'),
  ('ORD-0063', 'ava.gonzalez@example.com', 'processing', 35.00, '2024-01-01 09:03:00', '2024-01-01 09:03:00'),
  ('ORD-0064', 'ava.wilson@example.com', 'canceled', 319.00, '2024-01-01 09:04:00', '2024-01-01 09:04:00'),
  ('ORD-0065', 'ava.anderson@example.com', 'paid', 510.00, '2024-01-01 09:05:00', '2024-01-01 09:05:00'),
  ('ORD-0066', 'ava.thomas@example.com', 'shipped', 159.00, '2024-01-01 09:06:00', '2024-01-01 09:06:00'),
  ('ORD-0067', 'ava.taylor@example.com', 'processing', 111.00, '2024-01-01 09:07:00', '2024-01-01 09:07:00'),
  ('ORD-0068', 'ava.moore@example.com', 'canceled', 147.00, '2024-01-01 09:08:00', '2024-01-01 09:08:00'),
  ('ORD-0069', 'ava.jackson@example.com', 'paid', 52.00, '2024-01-01 09:09:00', '2024-01-01 09:09:00'),
  ('ORD-0070', 'ava.martin@example.com', 'shipped', 113.00, '2024-01-01 09:10:00', '2024-01-01 09:10:00'),
  ('ORD-0071', 'ben.smith@example.com', 'processing', 292.00, '2024-01-01 09:11:00', '2024-01-01 09:11:00'),
  ('ORD-0072', 'ben.johnson@example.com', 'canceled', 199.00, '2024-01-01 09:12:00', '2024-01-01 09:12:00'),
  ('ORD-0073', 'ben.williams@example.com', 'paid', 144.00, '2024-01-01 09:13:00', '2024-01-01 09:13:00'),
  ('ORD-0074', 'ben.brown@example.com', 'shipped', 268.00, '2024-01-01 09:14:00', '2024-01-01 09:14:00'),
  ('ORD-0075', 'ben.jones@example.com', 'processing', 28.00, '2024-01-01 09:15:00', '2024-01-01 09:15:00'),
  ('ORD-0076', 'ben.garcia@example.com', 'canceled', 348.00, '2024-01-01 09:16:00', '2024-01-01 09:16:00'),
  ('ORD-0077', 'ben.miller@example.com', 'paid', 263.00, '2024-01-01 09:17:00', '2024-01-01 09:17:00'),
  ('ORD-0078', 'ben.davis@example.com', 'shipped', 27.00, '2024-01-01 09:18:00', '2024-01-01 09:18:00'),
  ('ORD-0079', 'ben.rodriguez@example.com', 'processing', 68.00, '2024-01-01 09:19:00', '2024-01-01 09:19:00'),
  ('ORD-0080', 'ben.martinez@example.com', 'canceled', 152.00, '2024-01-01 09:20:00', '2024-01-01 09:20:00'),
  ('ORD-0081', 'ben.hernandez@example.com', 'paid', 18.00, '2024-01-01 09:21:00', '2024-01-01 09:21:00'),
  ('ORD-0082', 'ben.lopez@example.com', 'shipped', 203.00, '2024-01-01 09:22:00', '2024-01-01 09:22:00'),
  ('ORD-0083', 'ben.gonzalez@example.com', 'processing', 309.00, '2024-01-01 09:23:00', '2024-01-01 09:23:00'),
  ('ORD-0084', 'ben.wilson@example.com', 'canceled', 26.00, '2024-01-01 09:24:00', '2024-01-01 09:24:00'),
  ('ORD-0085', 'ben.anderson@example.com', 'paid', 655.00, '2024-01-01 09:25:00', '2024-01-01 09:25:00'),
  ('ORD-0086', 'ben.thomas@example.com', 'shipped', 537.00, '2024-01-01 09:26:00', '2024-01-01 09:26:00'),
  ('ORD-0087', 'ben.taylor@example.com', 'processing', 42.00, '2024-01-01 09:27:00', '2024-01-01 09:27:00'),
  ('ORD-0088', 'ben.moore@example.com', 'canceled', 174.00, '2024-01-01 09:28:00', '2024-01-01 09:28:00'),
  ('ORD-0089', 'ben.jackson@example.com', 'paid', 220.00, '2024-01-01 09:29:00', '2024-01-01 09:29:00'),
  ('ORD-0090', 'ben.martin@example.com', 'shipped', 34.00, '2024-01-01 09:30:00', '2024-01-01 09:30:00'),
  ('ORD-0091', 'chloe.smith@example.com', 'processing', 627.00, '2024-01-01 09:31:00', '2024-01-01 09:31:00'),
  ('ORD-0092', 'chloe.johnson@example.com', 'canceled', 685.00, '2024-01-01 09:32:00', '2024-01-01 09:32:00'),
  ('ORD-0093', 'chloe.williams@example.com', 'paid', 24.00, '2024-01-01 09:33:00', '2024-01-01 09:33:00'),
  ('ORD-0094', 'chloe.brown@example.com', 'shipped', 148.00, '2024-01-01 09:34:00', '2024-01-01 09:34:00'),
  ('ORD-0095', 'chloe.jones@example.com', 'processing', 292.00, '2024-01-01 09:35:00', '2024-01-01 09:35:00'),
  ('ORD-0096', 'chloe.garcia@example.com', 'canceled', 72.00, '2024-01-01 09:36:00', '2024-01-01 09:36:00'),
  ('ORD-0097', 'chloe.miller@example.com', 'paid', 217.00, '2024-01-01 09:37:00', '2024-01-01 09:37:00'),
  ('ORD-0098', 'chloe.davis@example.com', 'shipped', 121.00, '2024-01-01 09:38:00', '2024-01-01 09:38:00'),
  ('ORD-0099', 'chloe.rodriguez@example.com', 'processing', 16.00, '2024-01-01 09:39:00', '2024-01-01 09:39:00'),
  ('ORD-0100', 'chloe.martinez@example.com', 'canceled', 78.00, '2024-01-01 09:40:00', '2024-01-01 09:40:00'),
  ('ORD-0101', 'chloe.hernandez@example.com', 'paid', 183.00, '2024-01-01 09:41:00', '2024-01-01 09:41:00'),
  ('ORD-0102', 'chloe.lopez@example.com', 'shipped', 234.00, '2024-01-01 09:42:00', '2024-01-01 09:42:00'),
  ('ORD-0103', 'chloe.gonzalez@example.com', 'processing', 35.00, '2024-01-01 09:43:00', '2024-01-01 09:43:00'),
  ('ORD-0104', 'chloe.wilson@example.com', 'canceled', 319.00, '2024-01-01 09:44:00', '2024-01-01 09:44:00'),
  ('ORD-0105', 'chloe.anderson@example.com', 'paid', 510.00, '2024-01-01 09:45:00', '2024-01-01 09:45:00'),
  ('ORD-0106', 'chloe.thomas@example.com', 'shipped', 159.00, '2024-01-01 09:46:00', '2024-01-01 09:46:00'),
  ('ORD-0107', 'chloe.taylor@example.com', 'processing', 111.00, '2024-01-01 09:47:00', '2024-01-01 09:47:00'),
  ('ORD-0108', 'chloe.moore@example.com', 'canceled', 147.00, '2024-01-01 09:48:00', '2024-01-01 09:48:00'),
  ('ORD-0109', 'chloe.jackson@example.com', 'paid', 52.00, '2024-01-01 09:49:00', '2024-01-01 09:49:00'),
  ('ORD-0110', 'chloe.martin@example.com', 'shipped', 113.00, '2024-01-01 09:50:00', '2024-01-01 09:50:00'),
  ('ORD-0111', 'drew.smith@example.com', 'processing', 292.00, '2024-01-01 09:51:00', '2024-01-01 09:51:00'),
  ('ORD-0112', 'drew.johnson@example.com', 'canceled', 199.00, '2024-01-01 09:52:00', '2024-01-01 09:52:00'),
  ('ORD-0113', 'drew.williams@example.com', 'paid', 144.00, '2024-01-01 09:53:00', '2024-01-01 09:53:00'),
  ('ORD-0114', 'drew.brown@example.com', 'shipped', 268.00, '2024-01-01 09:54:00', '2024-01-01 09:54:00'),
  ('ORD-0115', 'drew.jones@example.com', 'processing', 28.00, '2024-01-01 09:55:00', '2024-01-01 09:55:00'),
  ('ORD-0116', 'drew.garcia@example.com', 'canceled', 348.00, '2024-01-01 09:56:00', '2024-01-01 09:56:00'),
  ('ORD-0117', 'drew.miller@example.com', 'paid', 263.00, '2024-01-01 09:57:00', '2024-01-01 09:57:00'),
  ('ORD-0118', 'drew.davis@example.com', 'shipped', 27.00, '2024-01-01 09:58:00', '2024-01-01 09:58:00'),
  ('ORD-0119', 'drew.rodriguez@example.com', 'processing', 68.00, '2024-01-01 09:59:00', '2024-01-01 09:59:00'),
  ('ORD-0120', 'drew.martinez@example.com', 'canceled', 152.00, '2024-01-01 10:00:00', '2024-01-01 10:00:00'),
  ('ORD-0121', 'drew.hernandez@example.com', 'paid', 18.00, '2024-01-01 10:01:00', '2024-01-01 10:01:00'),
  ('ORD-0122', 'drew.lopez@example.com', 'shipped', 203.00, '2024-01-01 10:02:00', '2024-01-01 10:02:00'),
  ('ORD-0123', 'drew.gonzalez@example.com', 'processing', 309.00, '2024-01-01 10:03:00', '2024-01-01 10:03:00'),
  ('ORD-0124', 'drew.wilson@example.com', 'canceled', 26.00, '2024-01-01 10:04:00', '2024-01-01 10:04:00'),
  ('ORD-0125', 'drew.anderson@example.com', 'paid', 655.00, '2024-01-01 10:05:00', '2024-01-01 10:05:00'),
  ('ORD-0126', 'drew.thomas@example.com', 'shipped', 537.00, '2024-01-01 10:06:00', '2024-01-01 10:06:00'),
  ('ORD-0127', 'drew.taylor@example.com', 'processing', 42.00, '2024-01-01 10:07:00', '2024-01-01 10:07:00'),
  ('ORD-0128', 'drew.moore@example.com', 'canceled', 174.00, '2024-01-01 10:08:00', '2024-01-01 10:08:00'),
  ('ORD-0129', 'drew.jackson@example.com', 'paid', 220.00, '2024-01-01 10:09:00', '2024-01-01 10:09:00'),
  ('ORD-0130', 'drew.martin@example.com', 'shipped', 34.00, '2024-01-01 10:10:00', '2024-01-01 10:10:00'),
  ('ORD-0131', 'eli.smith@example.com', 'processing', 627.00, '2024-01-01 10:11:00', '2024-01-01 10:11:00'),
  ('ORD-0132', 'eli.johnson@example.com', 'canceled', 685.00, '2024-01-01 10:12:00', '2024-01-01 10:12:00'),
  ('ORD-0133', 'eli.williams@example.com', 'paid', 24.00, '2024-01-01 10:13:00', '2024-01-01 10:13:00'),
  ('ORD-0134', 'eli.brown@example.com', 'shipped', 148.00, '2024-01-01 10:14:00', '2024-01-01 10:14:00'),
  ('ORD-0135', 'eli.jones@example.com', 'processing', 292.00, '2024-01-01 10:15:00', '2024-01-01 10:15:00'),
  ('ORD-0136', 'eli.garcia@example.com', 'canceled', 72.00, '2024-01-01 10:16:00', '2024-01-01 10:16:00'),
  ('ORD-0137', 'eli.miller@example.com', 'paid', 217.00, '2024-01-01 10:17:00', '2024-01-01 10:17:00'),
  ('ORD-0138', 'eli.davis@example.com', 'shipped', 121.00, '2024-01-01 10:18:00', '2024-01-01 10:18:00'),
  ('ORD-0139', 'eli.rodriguez@example.com', 'processing', 16.00, '2024-01-01 10:19:00', '2024-01-01 10:19:00'),
  ('ORD-0140', 'eli.martinez@example.com', 'canceled', 78.00, '2024-01-01 10:20:00', '2024-01-01 10:20:00'),
  ('ORD-0141', 'eli.hernandez@example.com', 'paid', 173.00, '2024-01-01 10:21:00', '2024-01-01 10:21:00'),
  ('ORD-0142', 'eli.lopez@example.com', 'shipped', 49.00, '2024-01-01 10:22:00', '2024-01-01 10:22:00'),
  ('ORD-0143', 'eli.gonzalez@example.com', 'processing', 148.00, '2024-01-01 10:23:00', '2024-01-01 10:23:00'),
  ('ORD-0144', 'eli.wilson@example.com', 'canceled', 485.00, '2024-01-01 10:24:00', '2024-01-01 10:24:00'),
  ('ORD-0145', 'eli.anderson@example.com', 'paid', 89.00, '2024-01-01 10:25:00', '2024-01-01 10:25:00'),
  ('ORD-0146', 'eli.thomas@example.com', 'shipped', 444.00, '2024-01-01 10:26:00', '2024-01-01 10:26:00'),
  ('ORD-0147', 'eli.taylor@example.com', 'processing', 239.00, '2024-01-01 10:27:00', '2024-01-01 10:27:00'),
  ('ORD-0148', 'eli.moore@example.com', 'canceled', 9.00, '2024-01-01 10:28:00', '2024-01-01 10:28:00'),
  ('ORD-0149', 'eli.jackson@example.com', 'paid', 206.00, '2024-01-01 10:29:00', '2024-01-01 10:29:00'),
  ('ORD-0150', 'eli.martin@example.com', 'shipped', 515.00, '2024-01-01 10:30:00', '2024-01-01 10:30:00'),
  ('ORD-0151', 'chloe.hernandez@example.com', 'processing', 15.00, '2024-01-01 10:31:00', '2024-01-01 10:31:00'),
  ('ORD-0152', 'chloe.lopez@example.com', 'canceled', 470.00, '2024-01-01 10:32:00', '2024-01-01 10:32:00'),
  ('ORD-0153', 'chloe.gonzalez@example.com', 'paid', 160.00, '2024-01-01 10:33:00', '2024-01-01 10:33:00'),
  ('ORD-0154', 'chloe.wilson@example.com', 'shipped', 32.00, '2024-01-01 10:34:00', '2024-01-01 10:34:00'),
  ('ORD-0155', 'chloe.anderson@example.com', 'processing', 272.00, '2024-01-01 10:35:00', '2024-01-01 10:35:00'),
  ('ORD-0156', 'chloe.thomas@example.com', 'canceled', 338.00, '2024-01-01 10:36:00', '2024-01-01 10:36:00'),
  ('ORD-0157', 'chloe.taylor@example.com', 'paid', 68.00, '2024-01-01 10:37:00', '2024-01-01 10:37:00'),
  ('ORD-0158', 'chloe.moore@example.com', 'shipped', 102.00, '2024-01-01 10:38:00', '2024-01-01 10:38:00'),
  ('ORD-0159', 'chloe.jackson@example.com', 'processing', 96.00, '2024-01-01 10:39:00', '2024-01-01 10:39:00'),
  ('ORD-0160', 'chloe.martin@example.com', 'canceled', 12.00, '2024-01-01 10:40:00', '2024-01-01 10:40:00'),
  ('ORD-0161', 'drew.smith@example.com', 'paid', 183.00, '2024-01-01 10:41:00', '2024-01-01 10:41:00'),
  ('ORD-0162', 'drew.johnson@example.com', 'shipped', 234.00, '2024-01-01 10:42:00', '2024-01-01 10:42:00'),
  ('ORD-0163', 'drew.williams@example.com', 'processing', 35.00, '2024-01-01 10:43:00', '2024-01-01 10:43:00'),
  ('ORD-0164', 'drew.brown@example.com', 'canceled', 319.00, '2024-01-01 10:44:00', '2024-01-01 10:44:00'),
  ('ORD-0165', 'drew.jones@example.com', 'paid', 510.00, '2024-01-01 10:45:00', '2024-01-01 10:45:00'),
  ('ORD-0166', 'drew.garcia@example.com', 'shipped', 159.00, '2024-01-01 10:46:00', '2024-01-01 10:46:00'),
  ('ORD-0167', 'drew.miller@example.com', 'processing', 111.00, '2024-01-01 10:47:00', '2024-01-01 10:47:00'),
  ('ORD-0168', 'drew.davis@example.com', 'canceled', 147.00, '2024-01-01 10:48:00', '2024-01-01 10:48:00'),
  ('ORD-0169', 'drew.rodriguez@example.com', 'paid', 52.00, '2024-01-01 10:49:00', '2024-01-01 10:49:00'),
  ('ORD-0170', 'drew.martinez@example.com', 'shipped', 113.00, '2024-01-01 10:50:00', '2024-01-01 10:50:00'),
  ('ORD-0171', 'drew.hernandez@example.com', 'processing', 292.00, '2024-01-01 10:51:00', '2024-01-01 10:51:00'),
  ('ORD-0172', 'drew.lopez@example.com', 'canceled', 199.00, '2024-01-01 10:52:00', '2024-01-01 10:52:00'),
  ('ORD-0173', 'drew.gonzalez@example.com', 'paid', 144.00, '2024-01-01 10:53:00', '2024-01-01 10:53:00'),
  ('ORD-0174', 'drew.wilson@example.com', 'shipped', 268.00, '2024-01-01 10:54:00', '2024-01-01 10:54:00'),
  ('ORD-0175', 'drew.anderson@example.com', 'processing', 28.00, '2024-01-01 10:55:00', '2024-01-01 10:55:00'),
  ('ORD-0176', 'drew.thomas@example.com', 'canceled', 348.00, '2024-01-01 10:56:00', '2024-01-01 10:56:00'),
  ('ORD-0177', 'drew.taylor@example.com', 'paid', 263.00, '2024-01-01 10:57:00', '2024-01-01 10:57:00'),
  ('ORD-0178', 'drew.moore@example.com', 'shipped', 27.00, '2024-01-01 10:58:00', '2024-01-01 10:58:00'),
  ('ORD-0179', 'drew.jackson@example.com', 'processing', 68.00, '2024-01-01 10:59:00', '2024-01-01 10:59:00'),
  ('ORD-0180', 'drew.martin@example.com', 'canceled', 152.00, '2024-01-01 11:00:00', '2024-01-01 11:00:00'),
  ('ORD-0181', 'eli.smith@example.com', 'paid', 18.00, '2024-01-01 11:01:00', '2024-01-01 11:01:00'),
  ('ORD-0182', 'eli.johnson@example.com', 'shipped', 203.00, '2024-01-01 11:02:00', '2024-01-01 11:02:00'),
  ('ORD-0183', 'eli.williams@example.com', 'processing', 309.00, '2024-01-01 11:03:00', '2024-01-01 11:03:00'),
  ('ORD-0184', 'eli.brown@example.com', 'canceled', 26.00, '2024-01-01 11:04:00', '2024-01-01 11:04:00'),
  ('ORD-0185', 'eli.jones@example.com', 'paid', 655.00, '2024-01-01 11:05:00', '2024-01-01 11:05:00'),
  ('ORD-0186', 'eli.garcia@example.com', 'shipped', 537.00, '2024-01-01 11:06:00', '2024-01-01 11:06:00'),
  ('ORD-0187', 'eli.miller@example.com', 'processing', 42.00, '2024-01-01 11:07:00', '2024-01-01 11:07:00'),
  ('ORD-0188', 'eli.davis@example.com', 'canceled', 174.00, '2024-01-01 11:08:00', '2024-01-01 11:08:00'),
  ('ORD-0189', 'eli.rodriguez@example.com', 'paid', 220.00, '2024-01-01 11:09:00', '2024-01-01 11:09:00'),
  ('ORD-0190', 'eli.martinez@example.com', 'shipped', 34.00, '2024-01-01 11:10:00', '2024-01-01 11:10:00'),
  ('ORD-0191', 'eli.hernandez@example.com', 'processing', 627.00, '2024-01-01 11:11:00', '2024-01-01 11:11:00'),
  ('ORD-0192', 'eli.lopez@example.com', 'canceled', 685.00, '2024-01-01 11:12:00', '2024-01-01 11:12:00'),
  ('ORD-0193', 'eli.gonzalez@example.com', 'paid', 24.00, '2024-01-01 11:13:00', '2024-01-01 11:13:00'),
  ('ORD-0194', 'eli.wilson@example.com', 'shipped', 148.00, '2024-01-01 11:14:00', '2024-01-01 11:14:00'),
  ('ORD-0195', 'eli.anderson@example.com', 'processing', 292.00, '2024-01-01 11:15:00', '2024-01-01 11:15:00'),
  ('ORD-0196', 'eli.thomas@example.com', 'canceled', 72.00, '2024-01-01 11:16:00', '2024-01-01 11:16:00'),
  ('ORD-0197', 'eli.taylor@example.com', 'paid', 217.00, '2024-01-01 11:17:00', '2024-01-01 11:17:00'),
  ('ORD-0198', 'eli.moore@example.com', 'shipped', 121.00, '2024-01-01 11:18:00', '2024-01-01 11:18:00'),
  ('ORD-0199', 'eli.jackson@example.com', 'processing', 16.00, '2024-01-01 11:19:00', '2024-01-01 11:19:00'),
  ('ORD-0200', 'eli.martin@example.com', 'canceled', 78.00, '2024-01-01 11:20:00', '2024-01-01 11:20:00');

INSERT INTO orders (user_id, status, total, created_at, last_updated)
SELECT u.id, s.status, s.total, s.created_at, s.last_updated
FROM order_seeds s
JOIN users u ON u.email = s.user_email;

CREATE TEMPORARY TABLE order_item_seeds (
  order_ref VARCHAR(16) NOT NULL,
  sku VARCHAR(64) NOT NULL,
  quantity INT NOT NULL,
  unit_price DECIMAL(10,2) NOT NULL,
  PRIMARY KEY (order_ref, sku)
);

INSERT INTO order_item_seeds (order_ref, sku, quantity, unit_price) VALUES
  ('ORD-0001', 'SKU-1002', 2, 18.00),
  ('ORD-0001', 'SKU-1003', 3, 49.00),
  ('ORD-0002', 'SKU-1003', 3, 49.00),
  ('ORD-0002', 'SKU-1004', 1, 35.00),
  ('ORD-0002', 'SKU-1005', 2, 26.00),
  ('ORD-0003', 'SKU-1004', 1, 35.00),
  ('ORD-0004', 'SKU-1005', 2, 26.00),
  ('ORD-0004', 'SKU-1006', 3, 89.00),
  ('ORD-0005', 'SKU-1006', 3, 89.00),
  ('ORD-0005', 'SKU-1007', 1, 159.00),
  ('ORD-0005', 'SKU-1008', 2, 42.00),
  ('ORD-0006', 'SKU-1007', 1, 159.00),
  ('ORD-0007', 'SKU-1008', 2, 42.00),
  ('ORD-0007', 'SKU-1009', 3, 9.00),
  ('ORD-0008', 'SKU-1009', 3, 9.00),
  ('ORD-0008', 'SKU-1010', 1, 52.00),
  ('ORD-0008', 'SKU-1011', 2, 34.00),
  ('ORD-0009', 'SKU-1010', 1, 52.00),
  ('ORD-0010', 'SKU-1011', 2, 34.00),
  ('ORD-0010', 'SKU-1012', 3, 15.00),
  ('ORD-0011', 'SKU-1012', 3, 15.00),
  ('ORD-0011', 'SKU-1013', 1, 199.00),
  ('ORD-0011', 'SKU-1014', 2, 24.00),
  ('ORD-0012', 'SKU-1013', 1, 199.00),
  ('ORD-0013', 'SKU-1014', 2, 24.00),
  ('ORD-0013', 'SKU-1015', 3, 32.00),
  ('ORD-0014', 'SKU-1015', 3, 32.00),
  ('ORD-0014', 'SKU-1016', 1, 28.00),
  ('ORD-0014', 'SKU-1017', 2, 72.00),
  ('ORD-0015', 'SKU-1016', 1, 28.00),
  ('ORD-0016', 'SKU-1017', 2, 72.00),
  ('ORD-0016', 'SKU-1018', 3, 68.00),
  ('ORD-0017', 'SKU-1018', 3, 68.00),
  ('ORD-0017', 'SKU-1019', 1, 27.00),
  ('ORD-0017', 'SKU-1020', 2, 16.00),
  ('ORD-0018', 'SKU-1019', 1, 27.00),
  ('ORD-0019', 'SKU-1020', 2, 16.00),
  ('ORD-0019', 'SKU-1001', 3, 12.00),
  ('ORD-0020', 'SKU-1001', 3, 12.00),
  ('ORD-0020', 'SKU-1002', 1, 18.00),
  ('ORD-0020', 'SKU-1003', 2, 49.00),
  ('ORD-0021', 'SKU-1002', 1, 18.00),
  ('ORD-0022', 'SKU-1003', 2, 49.00),
  ('ORD-0022', 'SKU-1004', 3, 35.00),
  ('ORD-0023', 'SKU-1004', 3, 35.00),
  ('ORD-0023', 'SKU-1005', 1, 26.00),
  ('ORD-0023', 'SKU-1006', 2, 89.00),
  ('ORD-0024', 'SKU-1005', 1, 26.00),
  ('ORD-0025', 'SKU-1006', 2, 89.00),
  ('ORD-0025', 'SKU-1007', 3, 159.00),
  ('ORD-0026', 'SKU-1007', 3, 159.00),
  ('ORD-0026', 'SKU-1008', 1, 42.00),
  ('ORD-0026', 'SKU-1009', 2, 9.00),
  ('ORD-0027', 'SKU-1008', 1, 42.00),
  ('ORD-0028', 'SKU-1009', 2, 9.00),
  ('ORD-0028', 'SKU-1010', 3, 52.00),
  ('ORD-0029', 'SKU-1010', 3, 52.00),
  ('ORD-0029', 'SKU-1011', 1, 34.00),
  ('ORD-0029', 'SKU-1012', 2, 15.00),
  ('ORD-0030', 'SKU-1011', 1, 34.00),
  ('ORD-0031', 'SKU-1012', 2, 15.00),
  ('ORD-0031', 'SKU-1013', 3, 199.00),
  ('ORD-0032', 'SKU-1013', 3, 199.00),
  ('ORD-0032', 'SKU-1014', 1, 24.00),
  ('ORD-0032', 'SKU-1015', 2, 32.00),
  ('ORD-0033', 'SKU-1014', 1, 24.00),
  ('ORD-0034', 'SKU-1015', 2, 32.00),
  ('ORD-0034', 'SKU-1016', 3, 28.00),
  ('ORD-0035', 'SKU-1016', 3, 28.00),
  ('ORD-0035', 'SKU-1017', 1, 72.00),
  ('ORD-0035', 'SKU-1018', 2, 68.00),
  ('ORD-0036', 'SKU-1017', 1, 72.00),
  ('ORD-0037', 'SKU-1018', 2, 68.00),
  ('ORD-0037', 'SKU-1019', 3, 27.00),
  ('ORD-0038', 'SKU-1019', 3, 27.00),
  ('ORD-0038', 'SKU-1020', 1, 16.00),
  ('ORD-0038', 'SKU-1001', 2, 12.00),
  ('ORD-0039', 'SKU-1020', 1, 16.00),
  ('ORD-0040', 'SKU-1001', 2, 12.00),
  ('ORD-0040', 'SKU-1002', 3, 18.00),
  ('ORD-0041', 'SKU-1002', 3, 18.00),
  ('ORD-0041', 'SKU-1003', 1, 49.00),
  ('ORD-0041', 'SKU-1004', 2, 35.00),
  ('ORD-0042', 'SKU-1003', 1, 49.00),
  ('ORD-0043', 'SKU-1004', 2, 35.00),
  ('ORD-0043', 'SKU-1005', 3, 26.00),
  ('ORD-0044', 'SKU-1005', 3, 26.00),
  ('ORD-0044', 'SKU-1006', 1, 89.00),
  ('ORD-0044', 'SKU-1007', 2, 159.00),
  ('ORD-0045', 'SKU-1006', 1, 89.00),
  ('ORD-0046', 'SKU-1007', 2, 159.00),
  ('ORD-0046', 'SKU-1008', 3, 42.00),
  ('ORD-0047', 'SKU-1008', 3, 42.00),
  ('ORD-0047', 'SKU-1009', 1, 9.00),
  ('ORD-0047', 'SKU-1010', 2, 52.00),
  ('ORD-0048', 'SKU-1009', 1, 9.00),
  ('ORD-0049', 'SKU-1010', 2, 52.00),
  ('ORD-0049', 'SKU-1011', 3, 34.00),
  ('ORD-0050', 'SKU-1011', 3, 34.00),
  ('ORD-0050', 'SKU-1012', 1, 15.00),
  ('ORD-0050', 'SKU-1013', 2, 199.00),
  ('ORD-0051', 'SKU-1012', 1, 15.00),
  ('ORD-0052', 'SKU-1013', 2, 199.00),
  ('ORD-0052', 'SKU-1014', 3, 24.00),
  ('ORD-0053', 'SKU-1014', 3, 24.00),
  ('ORD-0053', 'SKU-1015', 1, 32.00),
  ('ORD-0053', 'SKU-1016', 2, 28.00),
  ('ORD-0054', 'SKU-1015', 1, 32.00),
  ('ORD-0055', 'SKU-1016', 2, 28.00),
  ('ORD-0055', 'SKU-1017', 3, 72.00),
  ('ORD-0056', 'SKU-1017', 3, 72.00),
  ('ORD-0056', 'SKU-1018', 1, 68.00),
  ('ORD-0056', 'SKU-1019', 2, 27.00),
  ('ORD-0057', 'SKU-1018', 1, 68.00),
  ('ORD-0058', 'SKU-1019', 2, 27.00),
  ('ORD-0058', 'SKU-1020', 3, 16.00),
  ('ORD-0059', 'SKU-1020', 3, 16.00),
  ('ORD-0059', 'SKU-1001', 1, 12.00),
  ('ORD-0059', 'SKU-1002', 2, 18.00),
  ('ORD-0060', 'SKU-1001', 1, 12.00),
  ('ORD-0061', 'SKU-1002', 2, 18.00),
  ('ORD-0061', 'SKU-1003', 3, 49.00),
  ('ORD-0062', 'SKU-1003', 3, 49.00),
  ('ORD-0062', 'SKU-1004', 1, 35.00),
  ('ORD-0062', 'SKU-1005', 2, 26.00),
  ('ORD-0063', 'SKU-1004', 1, 35.00),
  ('ORD-0064', 'SKU-1005', 2, 26.00),
  ('ORD-0064', 'SKU-1006', 3, 89.00),
  ('ORD-0065', 'SKU-1006', 3, 89.00),
  ('ORD-0065', 'SKU-1007', 1, 159.00),
  ('ORD-0065', 'SKU-1008', 2, 42.00),
  ('ORD-0066', 'SKU-1007', 1, 159.00),
  ('ORD-0067', 'SKU-1008', 2, 42.00),
  ('ORD-0067', 'SKU-1009', 3, 9.00),
  ('ORD-0068', 'SKU-1009', 3, 9.00),
  ('ORD-0068', 'SKU-1010', 1, 52.00),
  ('ORD-0068', 'SKU-1011', 2, 34.00),
  ('ORD-0069', 'SKU-1010', 1, 52.00),
  ('ORD-0070', 'SKU-1011', 2, 34.00),
  ('ORD-0070', 'SKU-1012', 3, 15.00),
  ('ORD-0071', 'SKU-1012', 3, 15.00),
  ('ORD-0071', 'SKU-1013', 1, 199.00),
  ('ORD-0071', 'SKU-1014', 2, 24.00),
  ('ORD-0072', 'SKU-1013', 1, 199.00),
  ('ORD-0073', 'SKU-1014', 2, 24.00),
  ('ORD-0073', 'SKU-1015', 3, 32.00),
  ('ORD-0074', 'SKU-1015', 3, 32.00),
  ('ORD-0074', 'SKU-1016', 1, 28.00),
  ('ORD-0074', 'SKU-1017', 2, 72.00),
  ('ORD-0075', 'SKU-1016', 1, 28.00),
  ('ORD-0076', 'SKU-1017', 2, 72.00),
  ('ORD-0076', 'SKU-1018', 3, 68.00),
  ('ORD-0077', 'SKU-1018', 3, 68.00),
  ('ORD-0077', 'SKU-1019', 1, 27.00),
  ('ORD-0077', 'SKU-1020', 2, 16.00),
  ('ORD-0078', 'SKU-1019', 1, 27.00),
  ('ORD-0079', 'SKU-1020', 2, 16.00),
  ('ORD-0079', 'SKU-1001', 3, 12.00),
  ('ORD-0080', 'SKU-1001', 3, 12.00),
  ('ORD-0080', 'SKU-1002', 1, 18.00),
  ('ORD-0080', 'SKU-1003', 2, 49.00),
  ('ORD-0081', 'SKU-1002', 1, 18.00),
  ('ORD-0082', 'SKU-1003', 2, 49.00),
  ('ORD-0082', 'SKU-1004', 3, 35.00),
  ('ORD-0083', 'SKU-1004', 3, 35.00),
  ('ORD-0083', 'SKU-1005', 1, 26.00),
  ('ORD-0083', 'SKU-1006', 2, 89.00),
  ('ORD-0084', 'SKU-1005', 1, 26.00),
  ('ORD-0085', 'SKU-1006', 2, 89.00),
  ('ORD-0085', 'SKU-1007', 3, 159.00),
  ('ORD-0086', 'SKU-1007', 3, 159.00),
  ('ORD-0086', 'SKU-1008', 1, 42.00),
  ('ORD-0086', 'SKU-1009', 2, 9.00),
  ('ORD-0087', 'SKU-1008', 1, 42.00),
  ('ORD-0088', 'SKU-1009', 2, 9.00),
  ('ORD-0088', 'SKU-1010', 3, 52.00),
  ('ORD-0089', 'SKU-1010', 3, 52.00),
  ('ORD-0089', 'SKU-1011', 1, 34.00),
  ('ORD-0089', 'SKU-1012', 2, 15.00),
  ('ORD-0090', 'SKU-1011', 1, 34.00),
  ('ORD-0091', 'SKU-1012', 2, 15.00),
  ('ORD-0091', 'SKU-1013', 3, 199.00),
  ('ORD-0092', 'SKU-1013', 3, 199.00),
  ('ORD-0092', 'SKU-1014', 1, 24.00),
  ('ORD-0092', 'SKU-1015', 2, 32.00),
  ('ORD-0093', 'SKU-1014', 1, 24.00),
  ('ORD-0094', 'SKU-1015', 2, 32.00),
  ('ORD-0094', 'SKU-1016', 3, 28.00),
  ('ORD-0095', 'SKU-1016', 3, 28.00),
  ('ORD-0095', 'SKU-1017', 1, 72.00),
  ('ORD-0095', 'SKU-1018', 2, 68.00),
  ('ORD-0096', 'SKU-1017', 1, 72.00),
  ('ORD-0097', 'SKU-1018', 2, 68.00),
  ('ORD-0097', 'SKU-1019', 3, 27.00),
  ('ORD-0098', 'SKU-1019', 3, 27.00),
  ('ORD-0098', 'SKU-1020', 1, 16.00),
  ('ORD-0098', 'SKU-1001', 2, 12.00),
  ('ORD-0099', 'SKU-1020', 1, 16.00),
  ('ORD-0100', 'SKU-1001', 2, 12.00),
  ('ORD-0100', 'SKU-1002', 3, 18.00),
  ('ORD-0101', 'SKU-1002', 2, 18.00),
  ('ORD-0101', 'SKU-1003', 3, 49.00),
  ('ORD-0102', 'SKU-1003', 3, 49.00),
  ('ORD-0102', 'SKU-1004', 1, 35.00),
  ('ORD-0102', 'SKU-1005', 2, 26.00),
  ('ORD-0103', 'SKU-1004', 1, 35.00),
  ('ORD-0104', 'SKU-1005', 2, 26.00),
  ('ORD-0104', 'SKU-1006', 3, 89.00),
  ('ORD-0105', 'SKU-1006', 3, 89.00),
  ('ORD-0105', 'SKU-1007', 1, 159.00),
  ('ORD-0105', 'SKU-1008', 2, 42.00),
  ('ORD-0106', 'SKU-1007', 1, 159.00),
  ('ORD-0107', 'SKU-1008', 2, 42.00),
  ('ORD-0107', 'SKU-1009', 3, 9.00),
  ('ORD-0108', 'SKU-1009', 3, 9.00),
  ('ORD-0108', 'SKU-1010', 1, 52.00),
  ('ORD-0108', 'SKU-1011', 2, 34.00),
  ('ORD-0109', 'SKU-1010', 1, 52.00),
  ('ORD-0110', 'SKU-1011', 2, 34.00),
  ('ORD-0110', 'SKU-1012', 3, 15.00),
  ('ORD-0111', 'SKU-1012', 3, 15.00),
  ('ORD-0111', 'SKU-1013', 1, 199.00),
  ('ORD-0111', 'SKU-1014', 2, 24.00),
  ('ORD-0112', 'SKU-1013', 1, 199.00),
  ('ORD-0113', 'SKU-1014', 2, 24.00),
  ('ORD-0113', 'SKU-1015', 3, 32.00),
  ('ORD-0114', 'SKU-1015', 3, 32.00),
  ('ORD-0114', 'SKU-1016', 1, 28.00),
  ('ORD-0114', 'SKU-1017', 2, 72.00),
  ('ORD-0115', 'SKU-1016', 1, 28.00),
  ('ORD-0116', 'SKU-1017', 2, 72.00),
  ('ORD-0116', 'SKU-1018', 3, 68.00),
  ('ORD-0117', 'SKU-1018', 3, 68.00),
  ('ORD-0117', 'SKU-1019', 1, 27.00),
  ('ORD-0117', 'SKU-1020', 2, 16.00),
  ('ORD-0118', 'SKU-1019', 1, 27.00),
  ('ORD-0119', 'SKU-1020', 2, 16.00),
  ('ORD-0119', 'SKU-1001', 3, 12.00),
  ('ORD-0120', 'SKU-1001', 3, 12.00),
  ('ORD-0120', 'SKU-1002', 1, 18.00),
  ('ORD-0120', 'SKU-1003', 2, 49.00),
  ('ORD-0121', 'SKU-1002', 1, 18.00),
  ('ORD-0122', 'SKU-1003', 2, 49.00),
  ('ORD-0122', 'SKU-1004', 3, 35.00),
  ('ORD-0123', 'SKU-1004', 3, 35.00),
  ('ORD-0123', 'SKU-1005', 1, 26.00),
  ('ORD-0123', 'SKU-1006', 2, 89.00),
  ('ORD-0124', 'SKU-1005', 1, 26.00),
  ('ORD-0125', 'SKU-1006', 2, 89.00),
  ('ORD-0125', 'SKU-1007', 3, 159.00),
  ('ORD-0126', 'SKU-1007', 3, 159.00),
  ('ORD-0126', 'SKU-1008', 1, 42.00),
  ('ORD-0126', 'SKU-1009', 2, 9.00),
  ('ORD-0127', 'SKU-1008', 1, 42.00),
  ('ORD-0128', 'SKU-1009', 2, 9.00),
  ('ORD-0128', 'SKU-1010', 3, 52.00),
  ('ORD-0129', 'SKU-1010', 3, 52.00),
  ('ORD-0129', 'SKU-1011', 1, 34.00),
  ('ORD-0129', 'SKU-1012', 2, 15.00),
  ('ORD-0130', 'SKU-1011', 1, 34.00),
  ('ORD-0131', 'SKU-1012', 2, 15.00),
  ('ORD-0131', 'SKU-1013', 3, 199.00),
  ('ORD-0132', 'SKU-1013', 3, 199.00),
  ('ORD-0132', 'SKU-1014', 1, 24.00),
  ('ORD-0132', 'SKU-1015', 2, 32.00),
  ('ORD-0133', 'SKU-1014', 1, 24.00),
  ('ORD-0134', 'SKU-1015', 2, 32.00),
  ('ORD-0134', 'SKU-1016', 3, 28.00),
  ('ORD-0135', 'SKU-1016', 3, 28.00),
  ('ORD-0135', 'SKU-1017', 1, 72.00),
  ('ORD-0135', 'SKU-1018', 2, 68.00),
  ('ORD-0136', 'SKU-1017', 1, 72.00),
  ('ORD-0137', 'SKU-1018', 2, 68.00),
  ('ORD-0137', 'SKU-1019', 3, 27.00),
  ('ORD-0138', 'SKU-1019', 3, 27.00),
  ('ORD-0138', 'SKU-1020', 1, 16.00),
  ('ORD-0138', 'SKU-1001', 2, 12.00),
  ('ORD-0139', 'SKU-1020', 1, 16.00),
  ('ORD-0140', 'SKU-1001', 2, 12.00),
  ('ORD-0140', 'SKU-1002', 3, 18.00),
  ('ORD-0141', 'SKU-1002', 3, 18.00),
  ('ORD-0141', 'SKU-1003', 1, 49.00),
  ('ORD-0141', 'SKU-1004', 2, 35.00),
  ('ORD-0142', 'SKU-1003', 1, 49.00),
  ('ORD-0143', 'SKU-1004', 2, 35.00),
  ('ORD-0143', 'SKU-1005', 3, 26.00),
  ('ORD-0144', 'SKU-1005', 3, 26.00),
  ('ORD-0144', 'SKU-1006', 1, 89.00),
  ('ORD-0144', 'SKU-1007', 2, 159.00),
  ('ORD-0145', 'SKU-1006', 1, 89.00),
  ('ORD-0146', 'SKU-1007', 2, 159.00),
  ('ORD-0146', 'SKU-1008', 3, 42.00),
  ('ORD-0147', 'SKU-1008', 3, 42.00),
  ('ORD-0147', 'SKU-1009', 1, 9.00),
  ('ORD-0147', 'SKU-1010', 2, 52.00),
  ('ORD-0148', 'SKU-1009', 1, 9.00),
  ('ORD-0149', 'SKU-1010', 2, 52.00),
  ('ORD-0149', 'SKU-1011', 3, 34.00),
  ('ORD-0150', 'SKU-1011', 3, 34.00),
  ('ORD-0150', 'SKU-1012', 1, 15.00),
  ('ORD-0150', 'SKU-1013', 2, 199.00),
  ('ORD-0151', 'SKU-1012', 1, 15.00),
  ('ORD-0152', 'SKU-1013', 2, 199.00),
  ('ORD-0152', 'SKU-1014', 3, 24.00),
  ('ORD-0153', 'SKU-1014', 3, 24.00),
  ('ORD-0153', 'SKU-1015', 1, 32.00),
  ('ORD-0153', 'SKU-1016', 2, 28.00),
  ('ORD-0154', 'SKU-1015', 1, 32.00),
  ('ORD-0155', 'SKU-1016', 2, 28.00),
  ('ORD-0155', 'SKU-1017', 3, 72.00),
  ('ORD-0156', 'SKU-1017', 3, 72.00),
  ('ORD-0156', 'SKU-1018', 1, 68.00),
  ('ORD-0156', 'SKU-1019', 2, 27.00),
  ('ORD-0157', 'SKU-1018', 1, 68.00),
  ('ORD-0158', 'SKU-1019', 2, 27.00),
  ('ORD-0158', 'SKU-1020', 3, 16.00),
  ('ORD-0159', 'SKU-1020', 3, 16.00),
  ('ORD-0159', 'SKU-1001', 1, 12.00),
  ('ORD-0159', 'SKU-1002', 2, 18.00),
  ('ORD-0160', 'SKU-1001', 1, 12.00),
  ('ORD-0161', 'SKU-1002', 2, 18.00),
  ('ORD-0161', 'SKU-1003', 3, 49.00),
  ('ORD-0162', 'SKU-1003', 3, 49.00),
  ('ORD-0162', 'SKU-1004', 1, 35.00),
  ('ORD-0162', 'SKU-1005', 2, 26.00),
  ('ORD-0163', 'SKU-1004', 1, 35.00),
  ('ORD-0164', 'SKU-1005', 2, 26.00),
  ('ORD-0164', 'SKU-1006', 3, 89.00),
  ('ORD-0165', 'SKU-1006', 3, 89.00),
  ('ORD-0165', 'SKU-1007', 1, 159.00),
  ('ORD-0165', 'SKU-1008', 2, 42.00),
  ('ORD-0166', 'SKU-1007', 1, 159.00),
  ('ORD-0167', 'SKU-1008', 2, 42.00),
  ('ORD-0167', 'SKU-1009', 3, 9.00),
  ('ORD-0168', 'SKU-1009', 3, 9.00),
  ('ORD-0168', 'SKU-1010', 1, 52.00),
  ('ORD-0168', 'SKU-1011', 2, 34.00),
  ('ORD-0169', 'SKU-1010', 1, 52.00),
  ('ORD-0170', 'SKU-1011', 2, 34.00),
  ('ORD-0170', 'SKU-1012', 3, 15.00),
  ('ORD-0171', 'SKU-1012', 3, 15.00),
  ('ORD-0171', 'SKU-1013', 1, 199.00),
  ('ORD-0171', 'SKU-1014', 2, 24.00),
  ('ORD-0172', 'SKU-1013', 1, 199.00),
  ('ORD-0173', 'SKU-1014', 2, 24.00),
  ('ORD-0173', 'SKU-1015', 3, 32.00),
  ('ORD-0174', 'SKU-1015', 3, 32.00),
  ('ORD-0174', 'SKU-1016', 1, 28.00),
  ('ORD-0174', 'SKU-1017', 2, 72.00),
  ('ORD-0175', 'SKU-1016', 1, 28.00),
  ('ORD-0176', 'SKU-1017', 2, 72.00),
  ('ORD-0176', 'SKU-1018', 3, 68.00),
  ('ORD-0177', 'SKU-1018', 3, 68.00),
  ('ORD-0177', 'SKU-1019', 1, 27.00),
  ('ORD-0177', 'SKU-1020', 2, 16.00),
  ('ORD-0178', 'SKU-1019', 1, 27.00),
  ('ORD-0179', 'SKU-1020', 2, 16.00),
  ('ORD-0179', 'SKU-1001', 3, 12.00),
  ('ORD-0180', 'SKU-1001', 3, 12.00),
  ('ORD-0180', 'SKU-1002', 1, 18.00),
  ('ORD-0180', 'SKU-1003', 2, 49.00),
  ('ORD-0181', 'SKU-1002', 1, 18.00),
  ('ORD-0182', 'SKU-1003', 2, 49.00),
  ('ORD-0182', 'SKU-1004', 3, 35.00),
  ('ORD-0183', 'SKU-1004', 3, 35.00),
  ('ORD-0183', 'SKU-1005', 1, 26.00),
  ('ORD-0183', 'SKU-1006', 2, 89.00),
  ('ORD-0184', 'SKU-1005', 1, 26.00),
  ('ORD-0185', 'SKU-1006', 2, 89.00),
  ('ORD-0185', 'SKU-1007', 3, 159.00),
  ('ORD-0186', 'SKU-1007', 3, 159.00),
  ('ORD-0186', 'SKU-1008', 1, 42.00),
  ('ORD-0186', 'SKU-1009', 2, 9.00),
  ('ORD-0187', 'SKU-1008', 1, 42.00),
  ('ORD-0188', 'SKU-1009', 2, 9.00),
  ('ORD-0188', 'SKU-1010', 3, 52.00),
  ('ORD-0189', 'SKU-1010', 3, 52.00),
  ('ORD-0189', 'SKU-1011', 1, 34.00),
  ('ORD-0189', 'SKU-1012', 2, 15.00),
  ('ORD-0190', 'SKU-1011', 1, 34.00),
  ('ORD-0191', 'SKU-1012', 2, 15.00),
  ('ORD-0191', 'SKU-1013', 3, 199.00),
  ('ORD-0192', 'SKU-1013', 3, 199.00),
  ('ORD-0192', 'SKU-1014', 1, 24.00),
  ('ORD-0192', 'SKU-1015', 2, 32.00),
  ('ORD-0193', 'SKU-1014', 1, 24.00),
  ('ORD-0194', 'SKU-1015', 2, 32.00),
  ('ORD-0194', 'SKU-1016', 3, 28.00),
  ('ORD-0195', 'SKU-1016', 3, 28.00),
  ('ORD-0195', 'SKU-1017', 1, 72.00),
  ('ORD-0195', 'SKU-1018', 2, 68.00),
  ('ORD-0196', 'SKU-1017', 1, 72.00),
  ('ORD-0197', 'SKU-1018', 2, 68.00),
  ('ORD-0197', 'SKU-1019', 3, 27.00),
  ('ORD-0198', 'SKU-1019', 3, 27.00),
  ('ORD-0198', 'SKU-1020', 1, 16.00),
  ('ORD-0198', 'SKU-1001', 2, 12.00),
  ('ORD-0199', 'SKU-1020', 1, 16.00),
  ('ORD-0200', 'SKU-1001', 2, 12.00),
  ('ORD-0200', 'SKU-1002', 3, 18.00);

INSERT INTO order_items (order_id, product_id, quantity, unit_price)
SELECT o.id, p.id, s.quantity, s.unit_price
FROM order_item_seeds s
JOIN order_seeds os ON os.order_ref = s.order_ref
JOIN orders o ON o.created_at = os.created_at
JOIN products p ON p.sku = s.sku;

DROP TEMPORARY TABLE order_item_seeds;
DROP TEMPORARY TABLE order_seeds;
